Patricia,Day,Female,false
Jessica,Miller,Female,true
Brenda,Powell,Female,false
Victor,Jones,Male,false
Henry,Elliott,Male,true
Christine,Simpson,Female,false
Gloria,Matthews,Female,false
Martha,Montgomery,Female,true
Lois,Stephens,Female,false
Roy,Simpson,Male,true
Sandra,Garza,Female,false
Laura,Pierce,Female,false
Catherine,Bradley,Female,false
Judy,Meyer,Female,false
Joe,Morales,Male,false
Louise,Stevens,Female,true
Eugene,Taylor,Male,true
Sara,Hayes,Female,true
Joe,Moore,Male,false
Brian,Stone,Male,true
Martha,Fowler,Female,true
Dennis,Parker,Male,false
Charles,Daniels,Male,false
Frances,Chavez,Female,false
Steve,Morrison,Male,false
Clarence,Mills,Male,true
Phillip,Romero,Male,true
Ashley,Ferguson,Female,false
Alan,Bailey,Male,false
Eugene,Lawson,Male,true
Jessica,Marshall,Female,true
Kathy,Gardner,Female,true
Patrick,Kennedy,Male,true
Norma,Kim,Female,true
Sharon,Ramos,Female,false
Harold,Hayes,Male,true
Patrick,Rose,Male,true
Virginia,Willis,Female,true
Bonnie,Richardson,Female,true
Stephanie,Vasquez,Female,false
Doris,Bowman,Female,true
Karen,Morales,Female,false
Theresa,Perez,Female,true
William,Morrison,Male,false
Margaret,Hamilton,Female,true
Phillip,Payne,Male,false
Anna,Tucker,Female,true
Jose,Payne,Male,true
Deborah,Meyer,Female,true
Ashley,Owens,Female,true
Kathleen,Peters,Female,true
Tina,Hart,Female,false
Julie,Howard,Female,false
Carolyn,Thomas,Female,false
Mark,Little,Male,true
Phillip,Romero,Male,false
Brenda,Mccoy,Female,false
Arthur,Chavez,Male,false
Rose,Medina,Female,false
Elizabeth,Lane,Female,true
Lori,Rogers,Female,true
Patricia,Scott,Female,true
Dorothy,Jones,Female,true
Dorothy,Berry,Female,true
Karen,Rogers,Female,true
Brian,Taylor,Male,false
Matthew,Miller,Male,false
John,Miller,Male,true
Robert,Ryan,Male,false
Justin,Lawson,Male,false
Stephanie,Watson,Female,true
Joan,Alvarez,Female,false
Kimberly,Little,Female,false
Marie,Harrison,Female,false
Dorothy,Griffin,Female,true
Harry,Castillo,Male,false
Thomas,Rivera,Male,true
Sarah,Porter,Female,true
Charles,Wagner,Male,false
Jimmy,Wagner,Male,true
Jesse,Freeman,Male,false
Gloria,Wright,Female,true
Frank,Lane,Male,true
Victor,Thomas,Male,true
Peter,Lane,Male,false
Joshua,Shaw,Male,false
Denise,Hanson,Female,false
David,Washington,Male,false
Henry,Johnson,Male,true
Ashley,Ford,Female,false
Carl,Gibson,Male,false
Michael,Medina,Male,false
Carol,Mcdonald,Female,false
Anna,Reyes,Female,true
Anna,Alexander,Female,false
Emily,Hawkins,Female,false
Brandon,Banks,Male,true
Roger,Barnes,Male,true
Donna,Wood,Female,true
Frank,Castillo,Male,true
Jerry,Mccoy,Male,true
Ernest,Murphy,Male,true
Stephanie,Brown,Female,false
Carol,Ross,Female,true
Ruby,Owens,Female,true
Joshua,Hansen,Male,false
Brenda,Hamilton,Female,false
Howard,Boyd,Male,false
Sandra,Clark,Female,true
George,Oliver,Male,true
Jessica,Mitchell,Female,false
Dennis,Bell,Male,true
Steve,Nguyen,Male,false
Sandra,Carpenter,Female,true
Steven,Bowman,Male,false
Eric,Riley,Male,false
Pamela,Rodriguez,Female,false
Douglas,Howard,Male,true
Mary,White,Female,true
Catherine,Wallace,Female,true
Heather,Graham,Female,false
Irene,Carroll,Female,true
Kimberly,Taylor,Female,true
James,Butler,Male,false
Ruth,Morrison,Female,false
Janet,Olson,Female,false
Teresa,Howell,Female,false
Ernest,Hawkins,Male,false
Elizabeth,Howell,Female,true
Brenda,Jacobs,Female,false
Ruth,Armstrong,Female,false
Deborah,Lynch,Female,true
Jane,Hughes,Female,false
Sarah,Cunningham,Female,false
Shirley,Lawrence,Female,true
Dennis,Morales,Male,true
Larry,Henderson,Male,false
Christopher,Romero,Male,false
Virginia,Mcdonald,Female,true
Steve,Martinez,Male,true
Tina,Palmer,Female,true
Roy,Greene,Male,true
Denise,Garrett,Female,true
Benjamin,Evans,Male,false
Johnny,James,Male,false
Margaret,Ross,Female,true
Heather,Rodriguez,Female,true
Michael,Oliver,Male,false
Virginia,Nguyen,Female,true
Edward,Fernandez,Male,true
Diana,Gonzalez,Female,false
Douglas,Tucker,Male,true
Robin,Jenkins,Female,false
Eric,Duncan,Male,false
Lawrence,Ryan,Male,false
Ryan,Davis,Male,true
Raymond,Olson,Male,true
Mildred,Daniels,Female,false
Kathy,Carpenter,Female,true
Julia,Wagner,Female,true
Carlos,James,Male,false
Eugene,Burns,Male,true
Brenda,Cook,Female,true
Ryan,Clark,Male,false
Craig,Morrison,Male,false
Richard,Harris,Male,false
Maria,Morgan,Female,true
Raymond,Lawrence,Male,false
Jessica,Martinez,Female,false
Aaron,Bishop,Male,true
Ryan,Kelly,Male,false
Brenda,Sullivan,Female,false
Roy,Hicks,Male,true
Sarah,Fuller,Female,true
Matthew,Williams,Male,true
Walter,Austin,Male,true
Barbara,Washington,Female,false
Janet,Carpenter,Female,true
Evelyn,Rose,Female,false
Frances,Ray,Female,true
Katherine,Lynch,Female,true
Walter,Robertson,Male,true
Nancy,Burke,Female,true
Ronald,Stewart,Male,true
Marie,Hernandez,Female,true
Michelle,Fox,Female,false
Billy,Boyd,Male,true
Arthur,Martin,Male,true
Amy,Olson,Female,true
Theresa,Bennett,Female,true
Sean,Garcia,Male,true
Brenda,Hart,Female,true
Lillian,Davis,Female,true
Ryan,Reynolds,Male,false
Jimmy,Simpson,Male,false
Philip,Chapman,Male,true
Stephen,Welch,Male,false
Katherine,Lopez,Female,true
Julia,Butler,Female,true
Annie,Chavez,Female,true
Lois,Ortiz,Female,true
Jeremy,Williamson,Male,true
Sara,Coleman,Female,false
Theresa,Hanson,Female,false
Alan,Perkins,Male,true
Sean,Schmidt,Male,true
Andrea,Mason,Female,true
Patrick,Dunn,Male,true
Ralph,Bryant,Male,false
Tammy,Fuller,Female,false
John,Jacobs,Male,false
Eugene,Hawkins,Male,true
Norma,Wilson,Female,true
Daniel,Young,Male,false
Anne,Arnold,Female,false
Helen,Cox,Female,false
Alan,Thomas,Male,false
Phillip,Morris,Male,true
Ryan,Edwards,Male,false
Margaret,Young,Female,true
Brenda,Henderson,Female,false
Philip,Morris,Male,false
Elizabeth,Boyd,Female,false
Johnny,Burke,Male,false
Helen,Berry,Female,false
Samuel,Simmons,Male,true
Anne,Garcia,Female,false
Jeremy,Grant,Male,false
Carolyn,Griffin,Female,true
Annie,Russell,Female,true
Frank,Duncan,Male,false
Gloria,Oliver,Female,false
Aaron,Evans,Male,false
Robin,Hernandez,Female,false
Lori,Adams,Female,true
Jane,Ramirez,Female,false
Jerry,Hughes,Male,true
Roy,Flores,Male,false
Bruce,Stephens,Male,true
Norma,Mason,Female,true
Jonathan,Russell,Male,false
Joyce,Bowman,Female,false
Nicole,Alexander,Female,false
Jack,Cox,Male,true
Bruce,Jones,Male,true
Donald,Rodriguez,Male,false
Samuel,Johnson,Male,false
Gloria,Parker,Female,false
Tina,Snyder,Female,false
Lois,Freeman,Female,true
Samuel,Robertson,Male,false
Laura,Pierce,Female,false
Robin,Baker,Female,true
Diana,Campbell,Female,true
Diane,Kennedy,Female,false
Stephen,Thomas,Male,false
Randy,Larson,Male,true
David,Spencer,Male,false
Evelyn,Cooper,Female,true
Lillian,Wright,Female,false
Jack,Gray,Male,false
Irene,Barnes,Female,true
Kathryn,Alexander,Female,true
Henry,Wagner,Male,true
Harold,Green,Male,true
Shirley,Torres,Female,true
William,Ramirez,Male,false
Samuel,Little,Male,true
Jimmy,Webb,Male,false
Christine,Davis,Female,true
Juan,Kennedy,Male,true
Sharon,Day,Female,false
Theresa,Carpenter,Female,true
Ann,Carr,Female,true
Joyce,Ryan,Female,false
Tammy,Knight,Female,false
David,Young,Male,true
Lawrence,White,Male,true
Elizabeth,Hunt,Female,false
Marilyn,Smith,Female,true
Lois,Stewart,Female,true
Russell,Howell,Male,true
Elizabeth,Griffin,Female,true
Diana,Dean,Female,true
Joyce,Perry,Female,false
Julia,Dunn,Female,true
Jimmy,Harvey,Male,false
Antonio,Jacobs,Male,true
Larry,Patterson,Male,false
Annie,Brooks,Female,true
Ann,Tucker,Female,true
Albert,King,Male,true
Jean,Andrews,Female,false
Todd,Gibson,Male,true
Annie,Peterson,Female,false
Willie,Mccoy,Male,true
Dennis,Moreno,Male,false
Wayne,Thomas,Male,false
William,Flores,Male,true
Ruby,Walker,Female,false
Chris,Romero,Male,true
Deborah,Stone,Female,true
Benjamin,Marshall,Male,true
Craig,Mills,Male,false
Marie,Allen,Female,false
Jose,Castillo,Male,false
Eric,Mendoza,Male,true
Sandra,Powell,Female,true
Frances,Day,Female,false
Lawrence,Richardson,Male,true
Elizabeth,Jacobs,Female,false
Anthony,Hall,Male,true
Laura,Marshall,Female,true
Andrea,Chavez,Female,true
Fred,Dunn,Male,false
Teresa,Spencer,Female,true
Louis,Wright,Male,false
Edward,Nichols,Male,false
Thomas,Richards,Male,true
Gloria,Lewis,Female,false
Judy,Ward,Female,false
Katherine,Mitchell,Female,true
Mary,Graham,Female,true
Craig,Fowler,Male,false
Melissa,Reid,Female,true
Wayne,Cooper,Male,false
Jose,Bennett,Male,true
Philip,Allen,Male,true
Carol,Hernandez,Female,false
Ronald,Wilson,Male,false
Helen,Stanley,Female,false
Joseph,Brooks,Male,true
Frances,Mills,Female,true
Sharon,Anderson,Female,false
Rebecca,Wallace,Female,false
Steve,Rodriguez,Male,true
Keith,Reyes,Male,false
Sara,Coleman,Female,false
Joan,Austin,Female,false
Donald,Hill,Male,false
Irene,Armstrong,Female,false
Melissa,Ross,Female,true
Paul,Cooper,Male,true
Lois,Harrison,Female,false
Julie,Chapman,Female,false
Victor,Wagner,Male,false
Ashley,Sullivan,Female,false
Paul,Owens,Male,true
Rebecca,Medina,Female,true
Juan,Duncan,Male,false
Ryan,Williams,Male,false
Kathryn,Ray,Female,false
Maria,Hunt,Female,false
Nicholas,Austin,Male,false
Melissa,Lewis,Female,false
Ruth,Johnson,Female,true
Joyce,Johnston,Female,true
Martha,Johnston,Female,false
Katherine,Black,Female,true
Craig,Chavez,Male,true
Jacqueline,Fernandez,Female,false
Sandra,Henderson,Female,false
Jean,Duncan,Female,true
Rebecca,Greene,Female,true
Nancy,Hunt,Female,true
Melissa,Murphy,Female,false
Bobby,Reynolds,Male,true
Denise,Gutierrez,Female,true
Mary,Chapman,Female,true
Ann,Stevens,Female,false
Evelyn,Stewart,Female,true
Anne,Spencer,Female,true
Phyllis,Lawrence,Female,true
Thomas,Rice,Male,true
Gloria,Brooks,Female,true
Alice,Robertson,Female,false
Julie,Rice,Female,true
Beverly,Vasquez,Female,true
Martha,Rodriguez,Female,false
Judy,Morgan,Female,false
Susan,Thompson,Female,true
Howard,Garrett,Male,true
Shawn,Smith,Male,false
Roy,Castillo,Male,true
William,Daniels,Male,true
Melissa,James,Female,true
Jose,Burns,Male,false
Angela,Fernandez,Female,false
Kelly,Reyes,Female,true
Irene,Ruiz,Female,false
Brian,Nelson,Male,false
Joan,Bennett,Female,true
Raymond,Alexander,Male,true
Diana,Welch,Female,true
Laura,George,Female,false
George,Collins,Male,true
Phillip,Ellis,Male,false
Lori,Kelley,Female,false
Adam,Hunter,Male,false
Christine,Roberts,Female,true
Gary,Lewis,Male,false
Frank,Arnold,Male,false
Doris,Lopez,Female,true
Betty,Tucker,Female,true
James,Turner,Male,false
Nicole,Edwards,Female,true
Terry,Bennett,Male,true
Elizabeth,Simpson,Female,true
Catherine,Boyd,Female,false
Jessica,Davis,Female,false
Adam,Burns,Male,true
Harry,Gordon,Male,false
Julie,Ford,Female,false
Mark,Chavez,Male,false
Diana,Fernandez,Female,true
Diane,Jackson,Female,true
Chris,Fox,Male,false
Tammy,Ray,Female,false
Judith,Gilbert,Female,false
Shawn,Brown,Male,true
Benjamin,Carter,Male,true
Shirley,Nichols,Female,false
Ruth,Stanley,Female,false
Ashley,Mitchell,Female,true
Anthony,Hudson,Male,true
Bobby,Carter,Male,false
Terry,Bennett,Male,false
Lillian,Moreno,Female,false
Christina,Hanson,Female,true
Sarah,Lynch,Female,false
Rachel,Schmidt,Female,false
Brian,Alexander,Male,true
Jacqueline,Meyer,Female,false
Shirley,Griffin,Female,true
Willie,Bishop,Male,false
Benjamin,Jacobs,Male,false
David,Spencer,Male,false
Janice,Sims,Female,false
Annie,Mendoza,Female,true
Jeffrey,Mason,Male,false
Paul,Cunningham,Male,false
Michelle,Fox,Female,false
Richard,Perez,Male,true
Sean,Gray,Male,false
Angela,Larson,Female,false
Harry,Robertson,Male,false
James,Alvarez,Male,false
Antonio,Jacobs,Male,false
Fred,Marshall,Male,true
David,Nelson,Male,true
Ruth,Bowman,Female,false
Martin,Berry,Male,true
Craig,Garza,Male,true
Steven,Carroll,Male,true
Beverly,Turner,Female,true
Janet,Rogers,Female,false
Jessica,Welch,Female,true
Lillian,Miller,Female,false
Shawn,Fuller,Male,true
Barbara,Peters,Female,true
Henry,Fisher,Male,false
Barbara,Harris,Female,true
Karen,Lane,Female,true
Beverly,Jackson,Female,true
Karen,Hughes,Female,false
Janet,Stephens,Female,true
Daniel,Peterson,Male,false
Aaron,Ward,Male,false
Jacqueline,Cole,Female,true
Albert,Black,Male,true
Cynthia,Rice,Female,true
Karen,Martinez,Female,false
Jessica,Fuller,Female,false
Emily,Stewart,Female,true
James,Hunter,Male,true
Barbara,Black,Female,true
Ryan,Hill,Male,false
Andrew,Harper,Male,false
Ann,Ramos,Female,true
William,Wilson,Male,true
Jerry,Harper,Male,false
Gloria,Lopez,Female,false
Sara,Smith,Female,true
Martin,Miller,Male,true
Diana,Kelley,Female,true
Joseph,Peterson,Male,true
Ruby,Butler,Female,true
Donna,Flores,Female,false
Donna,Collins,Female,false
Julie,Burke,Female,true
Michael,Reid,Male,false
Daniel,Ramirez,Male,false
Beverly,Wood,Female,true
Jessica,Alvarez,Female,false
Jeremy,Bailey,Male,false
Henry,Sullivan,Male,true
Shawn,Clark,Male,false
Amanda,Boyd,Female,true
Denise,Brown,Female,true
Lori,Kelley,Female,false
Karen,Black,Female,true
David,Hanson,Male,false
Sharon,Holmes,Female,true
Emily,Reid,Female,true
Virginia,Bradley,Female,false
Douglas,Barnes,Male,false
Samuel,Alexander,Male,true
Gregory,Riley,Male,false
Elizabeth,Kelly,Female,true
Harry,Snyder,Male,false
Antonio,Olson,Male,true
Wanda,Gonzales,Female,true
Katherine,Parker,Female,true
Daniel,Chavez,Male,false
Lawrence,Jackson,Male,true
Matthew,Rogers,Male,true
Kathy,Richards,Female,false
Jimmy,Rose,Male,false
Anna,Rogers,Female,true
Brian,Willis,Male,true
Alan,Myers,Male,true
Anna,Welch,Female,true
Benjamin,Roberts,Male,true
Jimmy,Henderson,Male,false
William,Little,Male,false
Chris,Boyd,Male,false
Barbara,Gordon,Female,false
Amy,Dean,Female,false
Lawrence,Long,Male,true
Maria,Thomas,Female,false
Sean,Johnson,Male,false
Billy,Watson,Male,false
Justin,Andrews,Male,false
Larry,Bryant,Male,true
Terry,Lewis,Male,false
Jose,Nelson,Male,true
Kimberly,Boyd,Female,true
Alan,Bailey,Male,false
David,Patterson,Male,true
Alice,Davis,Female,true
Frank,Mitchell,Male,false
Scott,Fowler,Male,true
Betty,Reed,Female,true
Sandra,Dean,Female,true
Sean,Payne,Male,false
Janet,Boyd,Female,true
Philip,Boyd,Male,false
Tammy,Fernandez,Female,false
Martin,Carter,Male,true
Margaret,Lawrence,Female,true
Anna,Stanley,Female,true
Johnny,Stephens,Male,true
Joan,Fisher,Female,false
Michael,Taylor,Male,false
Annie,Hudson,Female,false
Larry,Banks,Male,true
Bobby,Crawford,Male,false
Albert,Spencer,Male,false
Janet,Perez,Female,false
Ryan,Williams,Male,true
Joshua,Evans,Male,true
Aaron,Griffin,Male,false
Terry,Mcdonald,Male,true
Sara,Graham,Female,false
Billy,Banks,Male,false
Mildred,Bradley,Female,true
Andrew,Anderson,Male,false
Randy,Warren,Male,false
Joan,Bishop,Female,true
Donna,Sanchez,Female,false
Marilyn,Cox,Female,true
Jerry,Stewart,Male,true
Frances,Lawrence,Female,true
Janice,Elliott,Female,true
Edward,Wilson,Male,true
Gary,Lynch,Male,true
Eric,Ruiz,Male,false
Jerry,Lane,Male,false
Benjamin,Black,Male,false
Jeremy,Little,Male,false
Ruby,Richardson,Female,false
Gerald,Sullivan,Male,true
Adam,Lopez,Male,false
Phillip,Banks,Male,true
Jeffrey,Reyes,Male,false
Helen,Thompson,Female,true
Nicholas,Smith,Male,false
Shawn,Fisher,Male,false
Keith,Willis,Male,false
Joe,Scott,Male,false
Harry,Parker,Male,false
Virginia,Payne,Female,false
Ruby,Thompson,Female,true
Emily,Anderson,Female,true
Kathleen,Reid,Female,false
Michael,Gonzalez,Male,true
Bobby,Watson,Male,true
Carolyn,Bennett,Female,false
Kathryn,Price,Female,true
Carl,Butler,Male,false
Shirley,Dixon,Female,false
Maria,Fernandez,Female,true
Diana,Murphy,Female,false
Nicholas,Lewis,Male,true
Antonio,Johnson,Male,false
Jose,Payne,Male,true
Paul,Stevens,Male,false
Denise,Fuller,Female,true
Diana,Long,Female,false
Andrew,Perkins,Male,true
Lois,Sanders,Female,true
Joshua,James,Male,false
Harry,Ward,Male,false
Jennifer,George,Female,true
Doris,Hayes,Female,true
Johnny,Woods,Male,false
Kenneth,Howard,Male,false
Matthew,Nelson,Male,false
Jose,Simmons,Male,true
Tammy,Wallace,Female,false
Wayne,Turner,Male,false
Walter,Kelley,Male,true
Gerald,Weaver,Male,false
Willie,Barnes,Male,false
Lois,Wells,Female,false
Anna,Gordon,Female,true
Norma,Nichols,Female,false
Carlos,Hart,Male,false
Jose,Rodriguez,Male,false
Rebecca,Collins,Female,true
Sara,Morrison,Female,true
Ronald,Romero,Male,true
Anne,Alvarez,Female,true
Deborah,Willis,Female,true
Andrea,Ray,Female,false
Ernest,Stevens,Male,true
Phillip,James,Male,true
Steve,Gutierrez,Male,false
Andrea,Webb,Female,true
Christopher,Warren,Male,true
Nicole,Berry,Female,true
Anna,Bryant,Female,true
Alan,Cole,Male,true
Barbara,Parker,Female,true
Ryan,Hunt,Male,true
Robin,Ferguson,Female,false
Todd,Ramos,Male,false
Mark,Brown,Male,false
Brandon,Carpenter,Male,true
Julia,Carr,Female,true
Sarah,Sullivan,Female,false
Karen,West,Female,false
Nancy,Sullivan,Female,true
Diane,Banks,Female,false
Roger,Cole,Male,true
Thomas,Stewart,Male,true
William,Robinson,Male,false
Gerald,Morrison,Male,false
Clarence,Anderson,Male,true
Gregory,Little,Male,true
Frances,Bailey,Female,true
Samuel,Elliott,Male,true
Richard,Dunn,Male,false
Nancy,Graham,Female,true
Scott,Garcia,Male,true
Doris,Bryant,Female,false
Janet,Wagner,Female,false
Harold,Hicks,Male,false
Christopher,Moreno,Male,true
Ashley,Gordon,Female,true
Katherine,Matthews,Female,true
Paul,Fox,Male,false
Jane,Bailey,Female,false
Linda,Wright,Female,true
Beverly,Ray,Female,true
Steve,Walker,Male,false
William,Rivera,Male,true
Katherine,Mendoza,Female,true
Johnny,Fowler,Male,false
Sean,Rogers,Male,true
Willie,Gibson,Male,true
Larry,Snyder,Male,true
Ralph,Rogers,Male,false
Johnny,Vasquez,Male,false
Robin,Fowler,Female,false
Juan,Foster,Male,true
Jesse,Long,Male,false
Rose,Payne,Female,false
Brenda,Stewart,Female,false
Lawrence,Holmes,Male,true
Lori,Mcdonald,Female,false
Jonathan,Ray,Male,false
Nicholas,Garza,Male,true
Andrew,Mason,Male,false
Shirley,Mccoy,Female,false
Lisa,Armstrong,Female,true
Lois,Burns,Female,true
William,Simmons,Male,true
Rachel,Stephens,Female,true
Jean,Gomez,Female,true
Doris,Rogers,Female,false
Bruce,Bryant,Male,true
Victor,Fields,Male,false
Eric,Green,Male,true
Annie,Kelley,Female,false
Aaron,Jenkins,Male,true
Aaron,Bell,Male,false
Paul,Gutierrez,Male,true
Susan,Tucker,Female,true
Harold,Fox,Male,false
Steven,Cooper,Male,true
Kevin,Campbell,Male,true
Mildred,Morales,Female,false
Ashley,Ross,Female,false
Theresa,Hansen,Female,true
Joyce,Adams,Female,true
Chris,James,Male,false
Alan,Matthews,Male,true
Janet,Ellis,Female,false
Jessica,Murray,Female,false
William,Stephens,Male,true
Jason,King,Male,false
Jose,Washington,Male,true
Benjamin,Robinson,Male,false
Martha,Hernandez,Female,true
Janice,Nichols,Female,true
Raymond,Berry,Male,true
Elizabeth,Peters,Female,false
Tina,Fuller,Female,false
Julie,Daniels,Female,true
Emily,Miller,Female,true
Dorothy,Hunt,Female,true
Benjamin,Spencer,Male,false
Bobby,Morris,Male,true
Annie,Kelley,Female,false
Jeremy,Walker,Male,false
Steven,Bennett,Male,true
Charles,Jordan,Male,true
Janet,Wallace,Female,true
Fred,Simmons,Male,true
Jessica,Harvey,Female,false
Matthew,Robinson,Male,false
Alice,Williamson,Female,false
Theresa,Stanley,Female,true
Benjamin,Ryan,Male,true
Carlos,Stevens,Male,true
Joseph,Jones,Male,false
Frank,Carroll,Male,true
Gary,Ortiz,Male,true
Norma,Romero,Female,false
Elizabeth,Turner,Female,false
Jonathan,Day,Male,true
Stephanie,Lopez,Female,true
Doris,Allen,Female,true
Karen,Bowman,Female,true
Barbara,Lawrence,Female,false
Ashley,Thomas,Female,false
Todd,King,Male,true
Robert,Nelson,Male,false
Kelly,Gilbert,Female,true
Lisa,Hayes,Female,false
Diana,Dean,Female,false
Patricia,Edwards,Female,true
Laura,Lawson,Female,true
Teresa,Richards,Female,true
Brian,Carpenter,Male,true
Antonio,Thomas,Male,true
Carolyn,Wallace,Female,false
Thomas,Campbell,Male,true
Debra,Roberts,Female,false
Diana,Stephens,Female,true
Mark,Patterson,Male,false
Catherine,Warren,Female,false
Heather,Brooks,Female,true
Joan,Boyd,Female,false
Steve,Wallace,Male,false
Bobby,Hayes,Male,false
Jacqueline,Wallace,Female,false
Lisa,Hunt,Female,true
Christopher,George,Male,false
Jonathan,Woods,Male,false
Kelly,Schmidt,Female,true
Phillip,Fernandez,Male,true
Arthur,Day,Male,false
Gregory,Crawford,Male,false
Marie,Reyes,Female,false
Peter,Warren,Male,false
Denise,Reyes,Female,true
Amanda,Hughes,Female,true
Joe,Roberts,Male,false
Jack,Mendoza,Male,false
Steve,Stone,Male,true
Christopher,Bradley,Male,true
Michelle,Howell,Female,false
Juan,Martinez,Male,false
Samuel,Sullivan,Male,true
Willie,Ferguson,Male,true
Catherine,Cruz,Female,true
Irene,Porter,Female,true
Earl,Knight,Male,false
Shirley,Foster,Female,true
Albert,Jones,Male,true
Janice,Palmer,Female,true
Annie,Stanley,Female,false
Victor,Bailey,Male,false
Linda,Kelley,Female,true
Paul,Stevens,Male,false
Raymond,Scott,Male,true
Wanda,Green,Female,false
Cynthia,Lynch,Female,false
Jonathan,Young,Male,true
Lillian,Welch,Female,false
Bobby,Nichols,Male,true
Aaron,Martinez,Male,true
Scott,Welch,Male,true
Diane,Gordon,Female,true
Maria,Daniels,Female,true
Benjamin,Stevens,Male,true
Jennifer,Washington,Female,false
Sean,Bell,Male,true
Jessica,Campbell,Female,true
Christine,King,Female,true
David,Dixon,Male,true
Dennis,Mitchell,Male,true
Eugene,Watson,Male,false
Brian,Marshall,Male,true
Jane,Sullivan,Female,false
Wanda,Allen,Female,true
Phillip,Day,Male,false
Nicole,Martin,Female,false
Clarence,Greene,Male,false
Barbara,Carroll,Female,true
Wayne,Clark,Male,false
Deborah,Morgan,Female,true
Joyce,Elliott,Female,false
Pamela,Turner,Female,true
Lori,Sullivan,Female,false
Lori,Carpenter,Female,true
Frank,Stephens,Male,true
Anna,Garrett,Female,true
Mildred,Dixon,Female,true
Sarah,Crawford,Female,false
Victor,Burton,Male,true
Cheryl,Chapman,Female,true
Evelyn,Ryan,Female,true
Betty,Elliott,Female,true
Phillip,Harrison,Male,false
Matthew,Harvey,Male,true
Julie,Harris,Female,true
Mary,Rice,Female,false
Donald,Morgan,Male,false
Jane,Hughes,Female,false
Virginia,Ryan,Female,false
William,Matthews,Male,false
Mary,West,Female,false
Frances,Garcia,Female,true
Eric,Ford,Male,false
Gregory,Andrews,Male,false
Sean,Phillips,Male,false
Mary,Meyer,Female,true
Joshua,Hansen,Male,false
Jeffrey,Stephens,Male,true
Lillian,Ford,Female,false
Larry,Foster,Male,false
Chris,Martin,Male,false
Bonnie,Patterson,Female,true
Phillip,Gardner,Male,true
Jean,Foster,Female,true
Fred,Gilbert,Male,false
Bruce,Wright,Male,false
Martha,Pierce,Female,false
James,Tucker,Male,true
Harry,Grant,Male,false
Julia,Austin,Female,true
Sandra,Hall,Female,true
Steve,Chavez,Male,true
Patricia,Hanson,Female,false
Rose,Carr,Female,false
Keith,Howard,Male,false
Scott,Hansen,Male,false
Ruby,Sullivan,Female,false
Angela,Watkins,Female,false
Rachel,Davis,Female,true
Melissa,Little,Female,false
Bonnie,Reed,Female,false
Patricia,Powell,Female,true
Larry,Martin,Male,false
Tina,Alvarez,Female,true
Wayne,Kennedy,Male,true
Sandra,Johnston,Female,false
Ryan,Castillo,Male,false
Cynthia,Schmidt,Female,false
Beverly,Romero,Female,false
George,Bailey,Male,false
Antonio,Martin,Male,false
Billy,Morales,Male,true
Heather,Garrett,Female,false
Nicole,Medina,Female,true
Carl,Gutierrez,Male,false
Clarence,Edwards,Male,true
Melissa,Stevens,Female,false
Arthur,Henderson,Male,false
Christine,Wilson,Female,false
Mark,Gutierrez,Male,false
Amy,Gonzales,Female,true
Julia,Ortiz,Female,true
Norma,Fisher,Female,false
Steve,Andrews,Male,true
Maria,Greene,Female,true
Melissa,Burke,Female,true
Harry,Stephens,Male,false
Bruce,Moreno,Male,false
Elizabeth,Howell,Female,true
Paula,Ray,Female,false
Brandon,Webb,Male,true
Janice,Fields,Female,true
Johnny,Price,Male,false
Johnny,Austin,Male,true
Jimmy,Butler,Male,false
Ann,Wright,Female,false
Gary,Ruiz,Male,false
Anna,Collins,Female,true
Christine,Burns,Female,false
Lawrence,Powell,Male,false
Brandon,Gilbert,Male,true
Paul,Spencer,Male,true
Mark,Lynch,Male,true
Kenneth,Gonzales,Male,true
Jerry,Nelson,Male,false
Teresa,Nichols,Female,false
Lisa,Webb,Female,true
Antonio,Oliver,Male,true
Robert,Kim,Male,true
Ronald,Hill,Male,false
Lisa,Banks,Female,false
Daniel,Burns,Male,true
Barbara,Kennedy,Female,true
Paul,Holmes,Male,true
Theresa,Greene,Female,true
Gregory,Crawford,Male,true
Annie,Owens,Female,false
Stephanie,Foster,Female,true
Denise,Simmons,Female,true
Ernest,Wilson,Male,false
Donna,Bell,Female,false
George,Hicks,Male,true
Dorothy,Campbell,Female,false
Kevin,Porter,Male,true
Kelly,Reynolds,Female,true
Shawn,Collins,Male,false
Raymond,Peterson,Male,false
Antonio,Wright,Male,true
Jose,Warren,Male,true
Martha,Mccoy,Female,true
Richard,Oliver,Male,true
Ernest,Palmer,Male,true
Stephanie,Washington,Female,false
Scott,Spencer,Male,false
Julie,Hernandez,Female,true
Keith,Harper,Male,true
Melissa,Watkins,Female,true
Brenda,Harrison,Female,true
Eugene,Berry,Male,false
Laura,Fisher,Female,false
Linda,Ray,Female,false
Heather,Oliver,Female,true
Patricia,Wheeler,Female,true
Theresa,Hicks,Female,false
Alan,Crawford,Male,true
John,Shaw,Male,false
Ruby,Dean,Female,true
Angela,Morales,Female,true
Timothy,Henry,Male,false
Steve,Sanchez,Male,false
Margaret,Banks,Female,false
Rose,Rogers,Female,false
Joe,Gomez,Male,true
Janet,Stanley,Female,false
Julie,Fox,Female,true
Martha,Mills,Female,false
Teresa,Johnston,Female,true
Matthew,Harrison,Male,false
Ryan,Lawson,Male,false
Juan,James,Male,true
Craig,Coleman,Male,false
Debra,Schmidt,Female,true
Victor,Patterson,Male,false
Betty,Burton,Female,false
Albert,Brown,Male,false
Dennis,Wallace,Male,true
Rose,Matthews,Female,true
Victor,Olson,Male,false
Gerald,Sullivan,Male,false
Fred,Hamilton,Male,false
Anna,Baker,Female,true
Andrea,Perkins,Female,false
Christine,Boyd,Female,true
Lawrence,Hansen,Male,false
Alan,Hanson,Male,false
Sarah,Henry,Female,true
